channel_id,channel_name,description,subscribers,total_views,total_videos,created_date,country,uploads_playlist,scraped_at
UCXuqSBlHAE6Xw-yeJA0Tunw,Linus Tech Tips,"Linus Tech Tips is a passionate team of ""professionally curious"" experts in consumer technology and video production who aim to educate and entertain.

Sponsorship Inquiries: partnerships@linusmediagroup.com
",16600000,9092244390,6989,2008-11-25T00:46:52Z,CA,UUXuqSBlHAE6Xw-yeJA0Tunw,2025-11-20T13:37:53.306286
UCWv7vMbMWH4-V0ZXdmDpPBA,Programming with Mosh,"Hi! I'm Mosh üëã, a software engineer with over 20 years of experience.  I'm all about clear, concise, practical coding tutorials ‚Äì no fluff, just the good stuff! My courses focus on real-world projects and the skills that will get you hired. I've helped millions of students transform their careers. 

Want to level up your skills? Subscribe and hit the bell to get notified when I upload new videos!

For sponsorships: partners@codewithmosh.com
",4860000,257598451,243,2014-10-07T00:40:53Z,US,UUWv7vMbMWH4-V0ZXdmDpPBA,2025-11-20T13:37:53.306286
UChIZGfcnjHI0DG4nweWEduw,TechSource,"Join the Discord Server:
https://discord.gg/Techsource

IG: https://www.instagram.com/ed.techsource/?hl=en
X: https://twitter.com/Ed_TechSource
Tech Deals + Mousepad Merch: https://techsourceshop.com
Etsy Shop: https://www.dealsource.tech/store
Dreame Air Purifier: https://bit.ly/41THxuI
",4010000,870967915,1897,2010-01-24T22:34:11Z,US,UUhIZGfcnjHI0DG4nweWEduw,2025-11-20T13:37:53.306286
UC4SVo0Ue36XCfOyb5Lh1viQ,Bro Code,"Coding bootcamps HATE HIM! üóø
",2990000,178609297,1000,2019-10-10T14:40:46.568078Z,US,UU4SVo0Ue36XCfOyb5Lh1viQ,2025-11-20T13:37:53.306286
UCVeW9qkBjo3zosnqUbG7CFw,John Hammond,Free Cybersecurity Education and Ethical Hacking.,2080000,82120292,1740,2011-02-06T03:59:46Z,US,UUVeW9qkBjo3zosnqUbG7CFw,2025-11-20T13:37:53.306286
UCeeFfhMcJa1kjtfZAGskOCA,TechLinked,"TechLinked keeps you up to date with a fast, funny roundup of the latest tech news every Monday, Wednesday, and Friday.

Sponsorship Inquiries: partnerships@linusmediagroup.com
",1990000,628661984,1214,2018-05-03T19:49:25Z,CA,UUeeFfhMcJa1kjtfZAGskOCA,2025-11-20T13:37:53.306286
UCvjgXvBlbQiydffZU7m1_aw,The Coding Train,"All aboard! The Coding Train is on its way with creative coding video tutorials on subjects ranging from the basics of programming languages like JavaScript to algorithmic art, machine learning, simulation, generative poetry, and more. Choo choo!",1750000,131666208,1287,2006-07-03T18:24:29Z,US,UUvjgXvBlbQiydffZU7m1_aw,2025-11-20T13:37:53.306286
UCvWWf-LYjaujE50iYai8WgQ,Paul's Hardware,"Tech reviews, tutorials, PC hardware and do-it-yourself computer building are my favorite things, so that's what I make videos about. 

",1530000,293634526,1789,2012-06-30T00:43:23Z,US,UUvWWf-LYjaujE50iYai8WgQ,2025-11-20T13:37:53.306286
UCCezIgC97PvUuR4_gbFUs5g,Corey Schafer,"Welcome to my Channel. This channel is focused on creating tutorials and walkthroughs for software developers, programmers, and engineers. We cover topics for all different skill levels, so whether you are a beginner or have many years of experience, this channel will have something for you.

We've already released a wide variety of videos on topics that include: Python, Git, Development Environments, Terminal Commands, SQL, Programming Terms, JavaScript, Computer Science Fundamentals, and plent",1490000,105351847,254,2006-05-31T22:49:22Z,US,UUCezIgC97PvUuR4_gbFUs5g,2025-11-20T13:37:53.306286
UCVHFbqXqoYvEWM1Ddxl0QDg,Android Developers,"Welcome to the official Android Developers YouTube channel. Get the latest Android news, best practices, live videos, demonstrations, tutorials, and more!
",1400000,1247156348,2562,2007-11-09T18:05:25Z,N/A,UUVHFbqXqoYvEWM1Ddxl0QDg,2025-11-20T13:37:53.306286
UCmtyQOKKmrMVaKuRXz02jbQ,Sebastian Lague,"Exploring how to create stuff out of code


",1380000,110240344,291,2011-10-01T11:04:26Z,DK,UUmtyQOKKmrMVaKuRXz02jbQ,2025-11-20T13:37:53.306286
UCSOpcUkE-is7u7c4AkLgqTw,MrMobile [Michael Fisher],"Mobile technology videos for the discerning gadget enthusiast, brought to you by Michael Fisher.

My name is Michael Fisher. I‚Äôm a writer, sailor, podcaster and recovering actor whose childhood obsession with science fiction never quite faded. A quarter-century later, the technology that I coveted as a kid ‚Äì from folding-screen phones to wearable tech ‚Äì is woven into the fabric of everyday life. I‚Äôve spent the past 15 years making videos that strive to uncover the truth of these products through",1270000,250689795,611,2016-03-08T18:30:03Z,US,UUSOpcUkE-is7u7c4AkLgqTw,2025-11-20T13:37:53.306286
UC1szFCBUWXY3ESff8dJjjzw,Loi Liang Yang,"Mr Loi Liang Yang is a Principal Security Engineer at Amazon Web Services (AWS). Loi holds Certified Information Systems Security Professional (CISSP), Certified Ethical Hacker, CompTIA Security+ and is 12 x AWS Certified Golden Jacket holder. Loi advises large enterprises including multiple fortune 500 companies on security strategy to protect against advanced threats. Loi has worked at IBM as a Security Software Segment Leader. Loi holds a Bachelor's Degree in Computing from National Universit",1190000,56374730,490,2013-12-15T08:26:19Z,SG,UU1szFCBUWXY3ESff8dJjjzw,2025-11-20T13:37:53.306286
UCmXmlB4-HJytD7wek0Uo97A,JavaScript Mastery,"Master modern web development with a project-based¬†approach
",1190000,104029236,186,2018-12-25T10:37:24Z,HR,UUmXmlB4-HJytD7wek0Uo97A,2025-11-20T13:37:53.306286
UC0ZTPkdxlAKf-V33tqXwi3Q,HackerSploit,"HackerSploit is the leading provider of free Infosec and cybersecurity training. Our goal is to make cybersecurity training more effective and accessible to students and professionals. We achieve this by providing essential training on how to attack and defend systems with virtual labs and real-world scenarios. We offer individual and corporate training packages in Penetration Testing & Red Team Operations, Web application penetration testing, and cybersecurity awareness training.",997000,44883407,486,2015-11-02T11:54:19Z,KE,UU0ZTPkdxlAKf-V33tqXwi3Q,2025-11-20T13:37:53.306286
UCW6J17hZ_Vgr6cQgd_kHt5A,MobileTechReview,"Lisa Gade from MobileTechReview brings you video reviews of the latest mobile technology: smartphones, Android tablets, Windows tablets, Ultrabooks, Convertible laptops, cameras, iPhone and iPad related items and more.

*Manufacturers and vendors: Please note that we only use MobileTechReview.com email addresses for official correspondence regarding review units. We never use web mail services.",966000,309863327,1929,2008-06-06T14:56:26Z,US,UUW6J17hZ_Vgr6cQgd_kHt5A,2025-11-20T13:37:53.306286
UC0ArlFuFYMpEewyRBzdLHiw,The Cyber Mentor,"Bridging the cybersecurity education gap since 2018.  For our full catalog of the most affordable and practical cybersecurity courses on the market, go to https://academy.tcm-sec.com/

Learn more about our hands-on certifications: https://certifications.tcm-sec.com

To sponsor the channel, please visit: https://www.tcm.rocks/Sponsors

Our annual Black Friday - Cyber Monday Sale is happening all month long. Enjoy 20% off certifications and live trainings, 50% off your first payment to the TCM Sec",951000,35150876,528,2018-04-27T19:17:23Z,US,UU0ArlFuFYMpEewyRBzdLHiw,2025-11-20T13:37:53.306286
UCStk7sZhuFJhxdvyXksdj5Q,CRATER,,915000,117271612,165,2013-03-30T04:45:32Z,US,UUStk7sZhuFJhxdvyXksdj5Q,2025-11-20T13:37:53.306286
UCd6MoB9NC6uYN2grvUNT-Zg,Amazon Web Services,"The official YouTube channel for Amazon Web Services (AWS). 

Amazon Web Services offers a complete set of infrastructure and application services that enable you to run virtually everything in the cloud: from enterprise applications and big data projects to social games and mobile apps. Explore how millions of customers ‚Äî including the fastest-growing startups, largest enterprises, and leading government agencies ‚Äî are using AWS to lower costs, become more agile, and innovate faster. 

Subscrib",826000,197934117,18375,2009-04-08T23:44:20Z,US,UUd6MoB9NC6uYN2grvUNT-Zg,2025-11-20T13:37:53.306286
UC68KSmHePPePCjW4v57VPQg,Python Programmer,"Hi I'm Giles, I make videos about learning üß† I have a degree in physics, a post graduate certificate in Data Science and am a former medical physics researcher and before all that I was a financial journalist. 

I share the best evidence based learning techniques to help you learn anything you want.



",761000,48362696,225,2008-08-16T08:48:33Z,GB,UU68KSmHePPePCjW4v57VPQg,2025-11-20T13:37:53.306286
UC80PWRj_ZU8Zu0HSMNVwKWw,Codevolution,Tutorials on the latest tech in web development!,743000,143994316,1775,2015-11-20T09:21:06Z,IN,UU80PWRj_ZU8Zu0HSMNVwKWw,2025-11-20T13:37:53.306286
UCB6dvaWu0N8uVq2yKsZ5s5g,SuperSimpleDev,"Hello I'm Simon Bao! My goal is to help people get into the tech industry!
",742000,33363775,36,2020-08-29T07:24:41.646839Z,CA,UUB6dvaWu0N8uVq2yKsZ5s5g,2025-11-20T13:37:53.306286
UCrM7B7SL_g1edFOnmj-SDKg,Bloomberg Technology,"Welcome to the Bloomberg Tech YouTube channel. Subscribe to see the latest videos on game-changing technologies, profiles on innovators, live conversations with experts, and breaking technology news & analysis from Bloomberg TV. Our programs offer in-depth interviews and analysis centered on industry leaders and global tech trends. 

Sign up for the Tech Daily newsletter to get exclusive reporting and analysis on tech and AI. https://bloom.bg/4bUP7rF
",709000,167411783,13014,2016-09-01T21:38:32Z,N/A,UUrM7B7SL_g1edFOnmj-SDKg,2025-11-20T13:37:53.306286
UC2D6eRvCeMtcF5OGHf1-trw,CodeWithChris,"Welcome to the largest dedicated iOS tutorial channel on YouTube! Learn how to make an app with Swift, SwiftUI and Xcode. With over 17 million video views and 7 years of teaching online, let me help you turn your app idea into a reality! We answer every single comment so don't hesitate to leave your question and either myself or someone from my team will get back to you!",624000,49349975,685,2013-01-14T03:42:32Z,CA,UU2D6eRvCeMtcF5OGHf1-trw,2025-11-20T13:37:53.306286
UC-v54XQalOcx5yco3aTixrg,Chigz Tech Reviews,"MILESTONES ACHIEVED
OCT 25 - 580K ‚úÖ
JULY 25 - 550K ‚úÖ
FEB 25 - 520K  ‚úÖ
DEC 24 - 500K  ‚úÖ
SEPT 24 - 440K ‚úÖ
MAR 24 - 400K ‚úÖ
NOV 23 - 350K   ‚úÖ
FEB 22 - 300K    ‚úÖ
MAR 21 - 250K   ‚úÖ
JUN 20 - 200K ‚úÖ
JULY 19 - 150K  ‚úÖ
SEPT 18 - 100K ‚úÖ
JAN 18 - 50K ‚úÖ 
May 17 -10K  ‚úÖ 
Jan 17 -  1K   ‚úÖ 
Sept 16 - 0  (Start)
-----------
 ‚ñ∫ Business Enquiries - chigz@chigztech.com

As an Amazon Associate I earn from qualifying purchases
",589000,172729070,2112,2011-10-02T18:09:31Z,GB,UU-v54XQalOcx5yco3aTixrg,2025-11-20T13:37:53.306286
UCVPjtOVcnKaSRI8IO3KSetA,zSecurity,"zSecurity is a leading provider of ethical hacking and cyber security training, we teach hacking and security to help people become ethical hackers so they can test and secure systems from black-hat hackers. 

Our goal is to educate people and increase awareness by exposing methods used by real black-hat hackers and show how to secure systems from these hackers .

Becoming an ethical hacker is simple but not easy, there are many resources online but lots of them are wrong and outdated, not only ",574000,21250489,313,2011-09-13T00:06:38Z,IE,UUVPjtOVcnKaSRI8IO3KSetA,2025-11-20T13:37:53.306286
UC0uAeNHLLuAovOTHI-aOZiQ,PC Builder,"Want to have fun and get the best price to performance in your PC Build? From new builders to pros, you've come to the right place! We'll have builds for the hardcore gamer, creative video editor, and everyday user. We'll cover trends, new products, and random building fun! And beyond the best pc build, if you are looking for the best gaming monitor, best gaming laptop, or DIYPC industry news such as GPU prices coming down, we cover that content as well. ",566000,90200696,503,2019-11-17T19:43:28.274793Z,US,UU0uAeNHLLuAovOTHI-aOZiQ,2025-11-20T13:37:53.306286
UCzNf0liwUzMN6_pixbQlMhQ,Coder Coder,"Practical tips for the beginner web developer.

",537000,17693817,105,2017-12-15T15:40:51Z,US,UUzNf0liwUzMN6_pixbQlMhQ,2025-11-20T13:37:53.306286
UCaO6VoaYJv4kS-TQO_M-N_g,Cl√©ment Mihailescu,"I wrote my first line of code a couple of weeks after graduating from college.

Six months later, I landed a software engineering job at Google, and at the same time, I launched AlgoExpert‚Äîan online platform that helps Software Engineers prepare for technical interviews.

After two years at Google and two subsequent months at Facebook, I decided to take the jump and to pursue AlgoExpert full-time.

A few years later and with over 200,000 paying customers, AlgoExpert is now the leading technical-",532000,86347780,280,2013-08-17T03:03:39Z,US,UUaO6VoaYJv4kS-TQO_M-N_g,2025-11-20T13:37:53.306286
UC0Q7Hlz75NYhYAuq6O0fqHw,Jeremy's IT Lab,"This channel is for people looking to learn about Cisco networking, and networking in general.

Current project: Complete CCNP ENCOR 350-401 Course

Completed projects: Complete CCNA 200-301 Course, Complete CCNA Routing & Switching Packet Tracer Lab Series
",512000,51866901,321,2019-04-21T03:33:14Z,JP,UU0Q7Hlz75NYhYAuq6O0fqHw,2025-11-20T13:37:53.306286
UCcIXc5mJsHVYTZR1maL5l9w,DeepLearningAI,"Welcome to the official DeepLearning.AI YouTube channel! Here you can find the videos from our Coursera programs on machine learning as well as recorded events.

DeepLearning.AI was founded in 2017 by machine learning and education pioneer Andrew Ng to fill a need for world-class AI education.

DeepLearning.AI has created high-quality AI programs on Coursera that have gained an extensive global following. By providing a platform for education and fostering a tight-knit community, DeepLearning.AI",459000,24085373,520,2017-08-22T22:27:58Z,N/A,UUcIXc5mJsHVYTZR1maL5l9w,2025-11-20T13:37:53.306286
UCv9bWHC0DIn-Xb7ALNoOGWQ,w3schools.com,Learn coding and become a web developer for free with W3Schools.com,455000,16154630,362,2014-08-26T07:53:20Z,NO,UUv9bWHC0DIn-Xb7ALNoOGWQ,2025-11-20T13:37:53.306286
UC6Jxh95N32m1JvKG_-fQ6QQ,OzTalksHW,,415000,48053134,256,2015-10-14T20:09:18Z,US,UU6Jxh95N32m1JvKG_-fQ6QQ,2025-11-20T13:37:53.306286
UCEWiIE6Htd8mvlOR6YQez1g,Cisco,"Cisco is the worldwide technology leader that is revolutionizing the way organizations connect and protect in the AI era. For more than 40 years, Cisco has securely connected the world. With its industry leading AI-powered solutions and services, Cisco enables its customers, partners and communities to unlock innovation, enhance productivity and strengthen digital resilience.  With purpose at its core, Cisco remains committed to creating a more connected and inclusive future for all. ",403000,22574212,2193,2005-10-13T15:39:33Z,N/A,UUEWiIE6Htd8mvlOR6YQez1g,2025-11-20T13:37:53.306286
UC9ESQKs98jVWjjUEWkvTMvA,WsCube Cyber Security,"WsCube Cyber Security Youtube Channel is created for is your dedicated space for all things cybersecurity. It is your go-to source to learn ethical hacking, penetration testing, cyber attacks, and much more. 

On this cyber security channel, you will get regular content, covering:

üé• In-depth Ethical Hacking Videos:
Hands-on tutorials and insightful content for both beginners and seasoned professionals.

üéôÔ∏è Ethical Hacking Interviews:
Get an exclusive peek into the minds of cybersecurity profess",388000,16526378,629,2023-12-04T12:08:41.403496Z,IN,UU9ESQKs98jVWjjUEWkvTMvA,2025-11-20T13:37:53.306286
UCEBpSZhI1X8WaP-kY_2LLcg,365 Data Science,"At 365 Data Science we make #DataScience accessible to all by providing the highest quality online data science education. Our courses are designed to build up your skill set from beginner to job-ready, regardless of your current level, background education, and experience.

Our data science program helps students and young professionals embark on a career as a data scientist. Demand for qualified data scientists is at an all-time high and traditional degrees are simply too expensive, time-consu",363000,16659071,273,2017-08-07T15:17:05Z,BG,UUEBpSZhI1X8WaP-kY_2LLcg,2025-11-20T13:37:53.306286
UCK4ji45I-zxeWXAFKmu3p6Q,NetworKing,"Advancing IT Careers Worldwide Since 2013

Welcome to the official YouTube channel of NetworKing Inc., your trusted partner for professional technology education. With 25+ million views and learners in 150+ countries, we're committed to delivering world-class training that transforms careers.

What You'll Find Here:
‚úÖ Expert-led technology tutorials
‚úÖ Industry certification preparation
‚úÖ Career advancement strategies
‚úÖ Latest technology trends & insights
‚úÖ Real-world project demonstrations

üèÜ Wh",337000,22581540,67,2013-10-31T22:10:46Z,IN,UUK4ji45I-zxeWXAFKmu3p6Q,2025-11-20T13:37:53.306286
UCMndKhkWZp9EOWPrRI4V6bA,Software Engineering With Scott Moore,"Scott Moore provides information and thought leadership around software engineering, performance, resilience, DevOps, DevPerfOps, Observability, AI, and more. This is educational and entertaining for the technical world. Performance Engineering, Load Testing, Stress Testing, Security, DevSecOps, DevPerfOps, AIOps, Performance Testing, Web Performance, Content Creation, and many other topics are covered.
",304000,2827084,659,2015-02-12T19:39:33Z,US,UUMndKhkWZp9EOWPrRI4V6bA,2025-11-20T13:37:53.306286
UCraiFqWi0qSIxXxXN4IHFBQ,Be A Better Dev,"
This channel is devoted to helping you become a better developer by learning about AWS, cloud computing, and system design concepts.

My name is Daniel Galati and I have nearly a decade of experience working in tech. I am currently working as a senior software engineer at Amazon. 

On my channel, you'll find videos on software development topics such as databases, design principles, and cloud computing. I put an emphasis on making complicated topics easier to understand. From time to time, I'll",275000,22197509,488,2019-08-06T22:53:08Z,CA,UUraiFqWi0qSIxXxXN4IHFBQ,2025-11-20T13:37:53.306286
UCT6e73e0M6_YoGD_p77z_zQ,BRO COOLING,"YouTube Official Channel - BRO COOLING (BROÂÖÑÂºüÊ∞¥ÂÜ∑)
YouTubeÂîØ‰∏ÄÂÆòÊñπÈ¢ëÈÅì- BRO COOLING( BROÂÖÑÂºüÊ∞¥ÂÜ∑)ÔºåÊõ¥Â§öÂí®ËØ¢ËØ∑ÂÖ≥Ê≥®ÂæÆ‰ø°ÂÖ¨‰ºóÂè∑ÔºöBROÂÖÑÂºüÊ∞¥ÂÜ∑
YouTube Sub Channel - BRO COOLING Sub
Any Order Can Chat With BRO Discord - https://discord.com/invite/jrwY2GFYrW

",274000,41828772,159,2019-07-03T12:33:16Z,US,UUT6e73e0M6_YoGD_p77z_zQ,2025-11-20T13:37:53.306286
UCAA5ZKM0sUwzKhvcabv48Jw,GeekaWhat,"Looking to build a Gaming PC? Here at the GeekaWhat channel we've got you covered, with a range of PC build guides, full gaming setups and awesome product roundups! Hosted by James Cousins, the channel aims to take you through the entire process of building your first gaming PC. 


",271000,89746060,1241,2013-01-20T21:03:40Z,GB,UUAA5ZKM0sUwzKhvcabv48Jw,2025-11-20T13:37:53.306286
UCCfqyGl3nq_V0bo64CjZh8g,Modern Software Engineering,"Modern Software Engineering is where good developers come to become great. Learn about the most important techniques in software development, from some of the most influential speakers in the software industry. Build better software, faster, and become the best software engineer you can be.

Hosted by Dave Farley, Trisha Gee, Steve Smith, Emily Bache, Kevlin Henney & Kent Beck. Subscribe for tips, tricks, comments on topical matters in the software development industry and MORE to help you becom",248000,16153036,522,2020-03-26T16:14:12.166488Z,GB,UUCfqyGl3nq_V0bo64CjZh8g,2025-11-20T13:37:53.306286
UCck1m7zZdzioiUzqhzpdNPw,Tech With Lucy,"Ex-AWS Solutions Architect helping you build Technical skills & stay updated with the Tech industry. üë©‚Äçüíª

I'm passionate about helping early-career professionals, career-changers, and aspiring techies get hired.

After 2 years working as a Solutions Architect at AWS, I quit my job to create videos full-time! üì∏

If you have any video suggestions - please let me know.

‚¨áÔ∏è Want to build your skills in Cloud Computing? 
Check out my highly-rated courses üôã‚Äç‚ôÄÔ∏è: https://zerotocloud.co/

üì© Business / Sp",245000,9633941,140,2020-02-12T23:58:46.966676Z,AU,UUck1m7zZdzioiUzqhzpdNPw,2025-11-20T13:37:53.306286
UCwrVwiJllwhJUKXKmjLcckQ,Apple Developer,Hello and welcome to the official Apple Developer YouTube channel.,245000,11520832,828,2024-02-23T21:47:45.84362Z,N/A,UUwrVwiJllwhJUKXKmjLcckQ,2025-11-20T13:37:53.306286
UCSX3MR0gnKDxyXAyljWzm0Q,Computer Science Lessons,"Perhaps your at university studying for a degree mathematics, science or engineering. Perhaps you're studying for an Advanced Level or GCSE qualification in computer science. You may even be a working professional already, and looking for ways to top up your computing knowledge and skills. Whatever your needs, new learning or revision, Computer Science Lessons can help. Computer Science Lessons includes videos on a wide range of topics including hardware architecture, databases, data science, co",243000,19783589,362,2013-04-14T10:41:40Z,GB,UUSX3MR0gnKDxyXAyljWzm0Q,2025-11-20T13:37:53.306286
UCzqlzMvlYyWVxFcNMZYzE0g,Consumer Tech Review,"Hey guys!  My name is Los and I run this channel, Consumer Tech Review.  I have a passion for keyboards, setups, and TECH and love reviewing it for all you guys!  I also have an addiction to Rick and Morty, Consumer Tech Reviews 100 Years, Consumer Tech Reviews foreverrrrr!",227000,66712714,552,2017-12-20T23:40:04Z,US,UUzqlzMvlYyWVxFcNMZYzE0g,2025-11-20T13:37:53.306286
UCPbwhExawYrn9xxI21TFfyw,The Pragmatic Engineer,"Interviews about software engineering, Big Tech and startups. Highly relevant for developers and engineering leaders, useful for those working in tech.

Writing The Pragmatic Engineer Newsletter (the #1 newsletter for software engineers) and the author of The Software Engineer's Guidebook",213000,8335656,147,2010-07-03T19:06:42Z,N/A,UUPbwhExawYrn9xxI21TFfyw,2025-11-20T13:37:53.306286
UCvA_wgsX6eFAOXI8Rbg_WiQ,tutoriaLinux,"Linux, DevOps, Cloud, and Programming tutorial videos, ranging from basic Linux commands for beginners to practical programming and cloud infrastructure projects using modern tooling.

I've been a professional Sysadmin, Web Developer DevOps engineer, Web Security Engineer, Datacenter Architect, and Site Reliability Engineer for over 10 years (not exactly in that order). I started making these videos for a friend who was trying to learn the skills he needed to start a tech career. Since then, I'v",213000,16256546,239,2014-03-14T16:01:27Z,US,UUvA_wgsX6eFAOXI8Rbg_WiQ,2025-11-20T13:37:53.306286
UCI0vQvr9aFn27yR6Ej6n5UA,Real Python,"Python tutorials and training videos for Pythonistas that go beyond the basics. 

üéìüêç Get free Python tips and programming tutorials at https://realpython.com

Hey, I‚Äôm Dan Bader and I help Python developers take their coding skills and productivity to the next level. I‚Äôm an independent software engineer, author, and speaker. I‚Äôve been developing software for 15 years‚Äîand I‚Äôd love to help you become a more proficient Python coder.

On this channel you‚Äôll get new Python videos and screencasts ever",205000,10669546,1041,2013-05-22T11:01:27Z,US,UUI0vQvr9aFn27yR6Ej6n5UA,2025-11-20T13:37:53.306286
UCMLtBahI5DMrt0NPvDSoIRQ,Machine Learning Street Talk,"MLST is the top technical AI podcast on Spotify. Subscribe now! Welcome! We bring you the latest in advanced AI research, from the best AI experts in the world. Our approach is unrivalled in terms of scope and rigour ‚Äì we believe in diversity of ideas (which is to say, not just LLMs!) and we also cover other promising alternative paths to AGI, as well as CogSci, CompSci, Neuro, Mathematics, Philosophy of Mind and Language.  

Support us on Patreon for early access, exclusive content, private Dis",204000,11577426,310,2020-04-09T18:54:44.486149Z,GB,UUMLtBahI5DMrt0NPvDSoIRQ,2025-11-20T13:37:53.306286
UCMZFwxv5l-XtKi693qMJptA,Coding Addict,,201000,10207061,790,2016-12-19T00:34:55Z,US,UUMZFwxv5l-XtKi693qMJptA,2025-11-20T13:37:53.306286
UCBKhdILeDie8iLkap216g7g,In Depth Tech Reviews,"In-depth reviews for everything tech, software updates, Google apps  updates, smartphone reviews, camera comparisons, virtual assistants comparisons & tips.

For any business enquiries drop me an email:
indepthtechreviews@gmail.com

",192000,39257478,699,2018-11-04T15:33:49Z,AE,UUBKhdILeDie8iLkap216g7g,2025-11-20T13:37:53.306286
UCmpptkXu8iIFe6kfDK5o7VQ,Machine Learnia,"Je m‚Äôappelle Guillaume Saint-Cirgue et je suis d√©veloppeur Machine Learning au Royaume Uni.

Je suis passionn√© par le Machine Learning et le Deep Learning et c'est pourquoi j'ai ouvert cette cha√Æne YouTube pour partager sans pr√©tention mes connaissances dans ces domaines.


",189000,11509552,81,2019-03-10T15:45:43Z,GB,UUmpptkXu8iIFe6kfDK5o7VQ,2025-11-20T13:37:53.306286
UCer2gPEPPvg5cBAP0GATwFA,PC BUILD-ASMR,"Welcome to PC Build ASMR! Immerse yourself in the calming sounds of custom PC assembly. Each video is a blend of detailed visuals and soothing ASMR, perfect for tech enthusiasts and relaxation seekers alike. Join me as we explore the art of PC building, from component selection to final assembly. Don't forget to subscribe and hit the bell icon to stay updated on our latest builds. Let's build something beautiful together!
",182000,79392415,352,2023-07-06T19:29:08.643564Z,US,UUer2gPEPPvg5cBAP0GATwFA,2025-11-20T13:37:53.306286
UCbTw29mcP12YlTt1EpUaVJw,Sean Allen,"Learn Swift & SwiftUI with my in-depth courses:
https://seanallen.teachable.com/?website=YT%20About
",169000,13287759,520,2013-02-17T01:38:02Z,US,UUbTw29mcP12YlTt1EpUaVJw,2025-11-20T13:37:53.306286
UC0YHNueF-3Nh3uQT0P4YQZw,Computer Science Center,"–ù–∞ —ç—Ç–æ–º –∫–∞–Ω–∞–ª–µ —Ä–∞–∑–º–µ—â–µ–Ω—ã –≤–∏–¥–µ–æ–∑–∞–ø–∏—Å–∏ –ª–µ–∫—Ü–∏–π –∏ –¥–æ–∫–ª–∞–¥–æ–≤ –ø—Ä–µ–ø–æ–¥–∞–≤–∞—Ç–µ–ª–µ–π Computer Science Center, –∫–æ—Ä–æ—Ç–∫–∏–µ —Ç–µ–º–∞—Ç–∏—á–µ—Å–∫–∏–µ –∑–∞–ø–∏—Å–∏ –Ω–∞ –∏–Ω—Ç–µ—Ä–µ—Å–Ω—ã–µ —Ç–µ–º—ã –≤ –∫–æ–º–ø—å—é—Ç–µ—Ä–Ω—ã—Ö –Ω–∞—É–∫–∞—Ö –∏–ª–∏ –ø—Ä–æ–≥—Ä–∞–º–º–∏—Ä–æ–≤–∞–Ω–∏–∏. –ú—ã –ø—É–±–ª–∏–∫—É–µ–º –º–∞—Ç–µ—Ä–∏–∞–ª—ã –¥–ª—è –ò–¢-—Å–ø–µ—Ü–∏–∞–ª–∏—Å—Ç–æ–≤, —Å—Ç—É–¥–µ–Ω—Ç–æ–≤ –∏ —à–∫–æ–ª—å–Ω–∏–∫–æ–≤, –∏–Ω—Ç–µ—Ä–µ—Å—É—é—â–∏—Ö—Å—è –ø—Ä–æ–≥—Ä–∞–º–º–∏—Ä–æ–≤–∞–Ω–∏–µ–º –∏ –º–∞—Ç–µ–º–∞—Ç–∏–∫–æ–π.",165000,13083760,903,2015-04-14T11:44:07Z,RU,UU0YHNueF-3Nh3uQT0P4YQZw,2025-11-20T13:37:53.306286
UCa5DwgTjlWMObHDIm6-zv1A,"Kevin Wallace Training, LLC","Welcome to my channel, where you'll find hundreds of IT videos to help you earn certs & advance your career.

While no IT topic is off-limits, most videos focus on:

‚úÖ IT Career Strategies

‚úÖ CompTIA Network+

‚úÖ Cisco CCST Networking

‚úÖ Cisco CCNA

‚úÖ Cisco CCNP Enterprise

‚úÖ Cisco CCNP Collaboration

‚úÖ Ethical Hacking

‚úÖ Network Automation

‚úÖ Wireless Networking

Please SUBSCRIBE so you don't miss any of our weekly videos.

Still here? Awesome! Then, here's a bit about my background:

‚òëÔ∏è CCIEx2 ",159000,11940635,399,2010-07-24T13:09:22Z,US,UUa5DwgTjlWMObHDIm6-zv1A,2025-11-20T13:37:53.306286
UCdoadna9HFHsxXWhafhNvKw,AWS Events,"The official YouTube channel for AWS Events and Webinars. Amazon Web Services (AWS) hosts events, both online and in-person, bringing the cloud computing community together to connect, collaborate, and learn from AWS experts.

AWS re:Invent is a learning conference for the global cloud computing community. The event features keynote announcements, training and certification opportunities, access to technical sessions, deep-dives with AWS leaders, engaging with sponsors, and so much more.

AWS re",156000,39310043,11530,2013-12-16T22:33:33Z,US,UUdoadna9HFHsxXWhafhNvKw,2025-11-20T13:37:53.306286
UCJGQuA3wmheCHiTBBBlt8pA,PLC Programming Tutorials Tips and Tricks,"Best place to learn PLC HMI and Scada, come join us to learn free
",154000,12253914,441,2018-03-28T05:22:18Z,AE,UUJGQuA3wmheCHiTBBBlt8pA,2025-11-20T13:37:53.306286
UC7iCSSpCsNw34E1o0DwgJBA,Gadget Tech Tips,"PLEASE Subscribe for more upcoming TECH news, RUMORS, REVIEWS and TIPS about GADGETS . Thanks

EMAIL : rolando.morales1421@gmail.com
",144000,31306579,1177,2019-06-23T16:48:10Z,PH,UU7iCSSpCsNw34E1o0DwgJBA,2025-11-20T13:37:53.306286
UCnksRRifsSCGUZpQukUKAyg,iOS Academy,"Staff Engineer @Facebook | Long Time iOS Developer | Tech Careers | Start Ups

On this channel, you can expect to find videos about iOS Development, Algorithms, Swift, Objective-C, Software Engineering, White boarding, Interviewing, and more! I have a huge passion for Software and especially for iOS. Subscribe and Let's Connect!",124000,14811990,777,2019-07-05T16:25:14Z,US,UUnksRRifsSCGUZpQukUKAyg,2025-11-20T13:37:53.306286
UCGWZY-0pONnKmF98dhZy9CQ,Stephane Maarek,"Get started with AWS, Apache Kafka, and much more!
Releasing a new video every Thursday! Don't forget to subscribe!

I am Stephane Maarek, a solutions architect, consultant, and software developer that has a particular interest in all things related to Big Data, Cloud & API. I am also a many-times best-seller instructor on Udemy for my courses in Apache Kafka and AWS.
I love Apache Kafka. I sat on the 2019 Program Committee organizing the Kafka Summit in New York, London, and San Francisco. I am",124000,8858627,201,2011-01-29T11:21:08Z,N/A,UUGWZY-0pONnKmF98dhZy9CQ,2025-11-20T13:37:53.306286
UC36jlTVgiE271iqkaNKi4jg,techandtips,"TEKNOLOGI TIDAK SERUMIT ITU üòä 

Kami ingin berbagi informasi teknologi segampang dan se-Fun mungkin üç© 
Kalo kamu tertarik dengan dunia komputer, gadget dan teknologi, channel ini adalah tempat yang tepat untuk menambah info.",123000,24810201,936,2020-05-09T16:23:58.912219Z,ID,UU36jlTVgiE271iqkaNKi4jg,2025-11-20T13:37:53.306286
UCziVQEj6r60mcsvdeiNbmDw,Tech tips,"üöÄ Welcome to Tech Tips ‚Äì Your Ultimate Guide to YouTube Growth & Tech!

---

üë§ About Me


üëã Hi, I‚Äôm Rehan! I‚Äôm a YouTuber with 4+ years of experience in tech and content creation. I created this channel to share strategies and tips that can help you grow your YouTube channel and maximize earnings.


üéØ 4+ years of experience in YouTube growth


üìà Tech content and monetization tips


Let's build and grow together! üöÄ


---

üìå What You‚Äôll Learn Here


üîπ YouTube Earning Methods üí∞

üîπ YouTube Growth St",120000,2045728,66,2022-10-02T19:27:24.996283Z,IN,UUziVQEj6r60mcsvdeiNbmDw,2025-11-20T13:37:53.306286
UCMbtqTGdSsxYYhhTpV4lSTQ,Super Data Science: ML & AI Podcast with Jon Krohn,"The latest machine learning, A.I., and data career topics from across both academia and industry are brought to you by host Dr. Jon Krohn on Super Data Science, the most listened-to podcast in the industry. In lighthearted conversation with renowned guests, Jon cuts through hype to fuel your professional impact.

Whether you're curious about getting started in a data career or you're a deep technical expert, whether you'd like to understand what A.I. is or you'd like to integrate more data-drive",120000,3707438,2286,2020-05-20T07:37:04.251317Z,US,UUMbtqTGdSsxYYhhTpV4lSTQ,2025-11-20T13:37:53.306286
UCCoUYv7E2VadMNnIHSdKumA,Tech Sky - Ethical Hacking,"üõ°Ô∏è In the vast Tech Sky‚Äîwhere defense meets hacking.

Step into the ever-evolving world of Ethical Hacking and Cybersecurity. This channel is devoted to making security concepts clear and practice approachable‚Äîbalancing core understanding with real-world awareness. Discover how defense shapes technology, and prepare yourself to explore, learn, and protect with purpose and responsibility.
",120000,3488451,82,2021-08-19T11:42:34.223293Z,US,UUCoUYv7E2VadMNnIHSdKumA,2025-11-20T13:37:53.306286
UCIZFrMwq1lXOA2899t7d5Aw,Software Engineering - ALX,Welcome to the official ALX Software Engineering Community channel. ,120000,26785,13,2021-08-13T07:28:58.833497Z,N/A,UUIZFrMwq1lXOA2899t7d5Aw,2025-11-20T13:37:53.306286
UCzL_0nIe8B4-7ShhVPfJkgw,Data Science Dojo,"Data Science Dojo is an e-learning company that is redefining the data science, large language models, and generative AI education landscape with a simpler, digestible, and engaging curriculum. We believe that data science & AI are for everyone.  So, we invest our time in simplifying and educating attendees on data science and LLM concepts that our attendees can actually apply to generate business value in their respective job functions.

Our channel showcases our commitment to teaching data sci",118000,6807140,832,2014-08-06T21:12:46Z,US,UUzL_0nIe8B4-7ShhVPfJkgw,2025-11-20T13:37:53.306286
UCbmb5IoBtHZTpYZCDBOC1CA,Computer Science (compsci112358),"Join me on this incredible journey to learn many different technologies, concepts and programming languages like Python, C programming, machine learning, artificial intelligence (AI), and computer science! I will be creating content on all of the topics mentioned above and presenting them in a fun and interesting way by applying these concepts to real world applications.

If you like the content on this channel, then please consider becoming a supporter on Patreon: https://www.patreon.com/comput",116000,8480926,335,2014-08-06T04:20:50Z,N/A,UUbmb5IoBtHZTpYZCDBOC1CA,2025-11-20T13:37:53.306286
UCh8IuVJvRdporrHi-I9H7Vw,Unfold Data Science,"This channel is dedicated to demystifying the fundamentals of data science through straightforward examples and accessible explanations. It is designed for individuals without prior knowledge of computer programming, statistics, machine learning, or artificial intelligence. Our content aims to provide a high-level understanding of data science concepts that can be easily comprehended by viewers from diverse backgrounds. The videos will focus on simplicity and clarity, ensuring that the material ",108000,8804949,809,2019-05-04T15:32:32Z,IN,UUh8IuVJvRdporrHi-I9H7Vw,2025-11-20T13:37:53.306286
UCZf_9SblvM8iTTkouFEcHtA,Marina Wyss - AI & Machine Learning,"Senior Applied Machine Learning Scientist at Twitch/Amazon helping you with your AI/ML/Data Science career.
",100000,2782558,74,2024-05-29T01:43:27.123767Z,US,UUZf_9SblvM8iTTkouFEcHtA,2025-11-20T13:37:53.306286
UC1Yf7IBfhSNFTIyb7v83o_g,AWS with Chetan,"I try to make the simple, to the point AWS knowledge videos based on my decade of experience working in AWS. Hope you find these videos useful. Kindly subscribe to this channel if you like the content.

If you want to learn AWS from basics with hands-on exercises, then I recommend to explore my courses on Udemy: 
AWS Foundation course: https://www.udemy.com/course/aws-certified-cloud-practitioner-clf-c02-latest/?referralCode=E4E802AB0D47D58AC70A

AWS Networking course: https://www.udemy.com/cour",99100,4728169,50,2017-08-13T07:11:43Z,IN,UU1Yf7IBfhSNFTIyb7v83o_g,2025-11-20T13:37:53.306286
UCHa8J-xnRYOg5VuudfWpBgg,ColorCode,Coding Tutorials for regular people! üéâüë®üèª‚ÄçüíªüìΩ,98100,3905098,114,2016-04-27T19:23:48Z,US,UUHa8J-xnRYOg5VuudfWpBgg,2025-11-20T13:37:53.306286
UCEV-Te6cqlR5MqZa2IuvWog,Cisco Config,"After watching and getting help from many videos tutorial on YouTube I decide to share my knowledge and help people who want to learn Networking and Configuration. I try to make my video as simple as possible and practically show you how to design, Configure and test the network. I hope so people enjoy my video and get knowledge also.",97900,7418766,50,2021-03-08T14:45:03.769014Z,US,UUEV-Te6cqlR5MqZa2IuvWog,2025-11-20T13:37:53.306286
UCpNdaZYUS4OiIIBXLnggbCw,DataScience ForBusiness,"Data Science y Data Analytics orientado a negocio. Aprende Data Analytics, Data Science y Machine Learning y sobre todo como aplicarlo para generar resultados de negocio en las empresas.
üëâ Curso gratis de Data Science: www.tuprimerasemana.com
üëâ Conoce nuestra empresa: www.datascience4business.com
üëâ Libro Big Data para CEOs y Directores de Markeging: https://amzn.to/2TYRx1F

",95700,2954108,105,2019-01-25T14:51:21Z,ES,UUpNdaZYUS4OiIIBXLnggbCw,2025-11-20T13:37:53.306286
UCbBI_p0ZtBQeDwRdOzPjARw,SoftwareSchool - Coding Tutorials In Telugu,"Software job is your dream? Learn from basics to advanced concepts, real-time topics in Telugu and crack interviews easily.

Technologies 
1. Java Basics & Springboot frame work
2. ReactJS - HTML, CSS, Javascript and ReactJS
3. AngularJS
3. Python - web scraping & flask framework
4. PHP web development
5. ASP .Net
6. AWS Cloud
7. SQL - MySQL, PostgreSQL
8. MongoDB
9. ExpressJS

#webdesigning #webdevelopment #java #reactjs #angular #html #sql 

üë®‚Äçüíªüë©‚Äçüíª Real-time oriented training for Job Seekers 
",90000,5821919,1036,2020-08-27T13:03:54.731421Z,IN,UUbBI_p0ZtBQeDwRdOzPjARw,2025-11-20T13:37:53.306286
UCLu_yApfhAgm66qumv4nl4Q,Tech Tips,"Hello Friends,

Welcome to Tech Tips!! Here in this channel, you can find out continuous updated videos on latest job vacancies including Govt jobs, Private jobs, Bank Jobs, IT jobs Etc.

Subscribe to our channel, so that you can join us to discover the world. Thanks for watching. Keep supporting.

For Enquires - 
Mail id - techtips1110@gmail.com
",87500,739649,218,2021-11-07T05:37:52.157911Z,IN,UULu_yApfhAgm66qumv4nl4Q,2025-11-20T13:37:53.306286
UCZGGwqjk5jfO4vN1SOCJ2ew,Digital Cloud Training,"At Digital Cloud Training, we help you gain the practical skills needed to land your next cloud job.

Our on-demand video courses and practice exams are designed to help you pass your AWS certification exams.

If you're keen to fast-track your cloud career, join our Cloud Mastery Bootcamps, where you‚Äôll work on real-world projects and develop hands-on expertise to excel in the fast-growing cloud industry.

In this channel, we focus on AWS and cloud computing, offering training tutorials, practic",82800,5903814,377,2019-02-22T05:25:39Z,MT,UUZGGwqjk5jfO4vN1SOCJ2ew,2025-11-20T13:37:53.306286
UC4Xt-DUAapAtkfaWWkv4OAw,Programming and Math Tutorials,"You just sat through a blah lecture on linked lists and you're completely lost. Don't lose hope! I break down complex computer science concepts and explain them in terms you can understand. In about 8 minutes you can learn how linked lists or binary search trees or Java streams work. This channel has hundreds of tutorial videos on simple and advanced programming concepts. I focus on data structures and algorithms, and teach you how to code in Java and Python. I also cover a lot of machine learni",79600,10515689,265,2013-11-20T17:40:25Z,US,UU4Xt-DUAapAtkfaWWkv4OAw,2025-11-20T13:37:53.306286
UCsBxhDfwURg-vQASN2ZeHwg,MrBrownCS,"I'm an Assistant Principal at a large secondary school in central London currently teaching GCSE & A Level Computer Science. I've been creating Computer Science and IT resources designed primarily for the UK school system since I was a GCSE student myself. I've also examined and moderated at GCSE and A Level too, and have written 6 books for computing qualifications. 

",76900,11531428,672,2014-05-24T13:51:27Z,GB,UUsBxhDfwURg-vQASN2ZeHwg,2025-11-20T13:37:53.306286
UCEcvESl6itwIlIVgjLtvypw,Tech News,"Canal focado em tecnologia e dicas de produtos eletr√¥nicos.

Meu nome √© Lucas,

AQUI VOC√ä ENCONTRA:
- Reviews completos de detalhados
- Dicas e tutoriais
- Comparativos

Inscreva-se neste canal que te AJUDA de verdade!

‚û§ E-mail: lucas@canaltechnews.com
‚û§ Me siga no Instagram: http://bit.ly/TechNews-IG
",73400,13287861,807,2019-05-28T23:56:42Z,BR,UUEcvESl6itwIlIVgjLtvypw,2025-11-20T13:37:53.306286
UCHZyqB9qHGGGw5QeRVEbQDg,Linux Guides,"W√∂chentliche Videos rund um Linux- und Open Source. 
Die Videos sind sowohl f√ºr Anf√§nger, als auch teilweise f√ºr Fortgeschrittene gedacht.

Impressum: https://www.linuxguides.de/impressum/",66100,17011843,994,2015-02-01T15:56:14Z,DE,UUHZyqB9qHGGGw5QeRVEbQDg,2025-11-20T13:37:53.306286
UCqAL_b-jUOTPjrTSNl2SNaQ,Software Developer Diaries,"Hello and welcome to my channel! üëã  I'm Gus, a Software Developer who loves sharing the learnings throughout the journey. At the moment, I work as a Software Engineer at Bosch, with experience in Web Development & Machine Learning (a weird mix, I know), and love pushing the limits. I share purely tech topics, career growth, lifehacks, and some fun content - so join me!

Please consider SUBSCRIBING to the channel, if you like the content. If not, please, leave a comment on how I can improve it. A",61300,2932759,180,2021-04-02T17:54:44.271514Z,CA,UUqAL_b-jUOTPjrTSNl2SNaQ,2025-11-20T13:37:53.306286
UC1YoWn9TDojkb9sav-bvykA,whitesec cyber security ,"Cybersecurity: The Ultimate Challenge in a Digital World

With cyber threats evolving at lightning speed and our dependence on digital systems growing every day, cybersecurity has become one of the greatest challenges of our time. Yet, few have the expertise to combat these threats effectively.

At Whitesec Cyber Security, we're on a mission to bridge this skills gap fast, efficiently, and effectively. Guided by world-renowned ethical hackers, our students dive straight into hands-on cyber-attac",56200,1594167,33,2022-11-08T10:07:19.950473Z,N/A,UU1YoWn9TDojkb9sav-bvykA,2025-11-20T13:37:53.306286
UCj4b_YT4QnFy6nx3dRCuc1w,Python Coding (CLCODING),"Welcome to CLCODING ‚Äì Your Python Powerhouse! üêç

At CLCODING, we simplify Python programming for developers, students, and tech enthusiasts.
From beginner tips to advanced projects, we cover:

üîπ Python Basics & Interview Questions
üîπ Real-World Projects & Use Cases
üîπ Data Science, Automation, Ethical Hacking
üîπ Python Libraries (Pandas, NumPy, Matplotlib & more)
üîπ Daily Coding Challenges & Quizzes

Join our fast-growing community of coders and level up your Python skills with content that‚Äôs practi",53800,848604,1283,2022-01-29T04:18:21.220206Z,IN,UUj4b_YT4QnFy6nx3dRCuc1w,2025-11-20T13:37:53.306286
UCyoi9yYaQRQ2F34wDLosr2A,Data Science Academy,www.datascienceacademy.com.br,53600,15529412,1146,2016-02-27T01:28:05Z,BR,UUyoi9yYaQRQ2F34wDLosr2A,2025-11-20T13:37:53.306286
UCsBKjqTMwxTVFuJiY33zAAQ,Cisco Network Learning,"Cisco Network Learning youtube channel is solely created to help those people who are financially not very stable enough to pay heavy fees of the networking courses and for the working professionals as well, who don't have enough time to get through books and other study material to get sound knowledge  in  CCNA, CCNP, CCIE.
I have more than 12 years of experience in IT Training field.
i have gave training on various technologies like CCIE, CCNP, CCNA, Advance BGP, Advance MPLS,  F5 Load balance",51600,4539623,293,2010-06-25T13:18:19Z,IN,UUsBKjqTMwxTVFuJiY33zAAQ,2025-11-20T13:37:53.306286
UCuLgfhXLVT7o1EUx8YNwV6A,Sheryians AI School,"Welcome to Sheryians AI School 
Your one-stop destination to explore Artificial Intelligence, Machine Learning, Data Science, Data Analysis, Python and everything smart enough to shape the future 

Here we simplify complex topics, share real-world projects, and make sure learning AI feels less like a headache and more like an exciting journey 

Whether you're just starting or leveling up your skills, this is the place to be. Hit subscribe and let's decode the future together! 

Subscribe Karo ma",49200,1743107,103,2025-02-21T19:56:39.851722Z,IN,UUuLgfhXLVT7o1EUx8YNwV6A,2025-11-20T13:37:53.306286
UCKvjEXuc-tomU0sW_iBZ3fw,Software Engineering,"‚úÖ About Channel: 
Hi friends,
If you are the one who feel difficulty in understanding the core concepts of Software Engineering in English, So you are on right place here we will teach the concepts of Software Engineering in your language urdu and Hindi.

This channel is not about a specific topic of Software engineering we are trying to cover all the famous and core topics which feel under the field of software engineering like Software Testing, Software quality assurance (SQA), Software qualit",48200,4346110,570,2017-05-24T14:45:49Z,PK,UUKvjEXuc-tomU0sW_iBZ3fw,2025-11-20T13:37:53.306286
UCGgAsNJ-w5v4c4iyOH_hGig,Learn Computer Science,"Learn Computer science online is an educational e-learning portal . Learn Computer science online is a comprehensive resource for learning computer science . Learn all the important subjects in Computer Science online step-by-step.

Learn Computer science online provides video tutorial on various computer science subjects . The Computer science subjects includes computer programming , software engineering , computer hardware , computer software , data structures and algorithms , database managem",46900,2916967,43,2019-06-07T06:53:05Z,IN,UUGgAsNJ-w5v4c4iyOH_hGig,2025-11-20T13:37:53.306286
UC_82czjFMgsYMjodhG_4mIw,Tyler Ramsbey - Hack Smarter,"Hello everyone! I post videos on cybersecurity, education, leadership, and all things pertaining to the world of IT! 

Let's connect:

Twitch: https://twitch.tv/hack_smarter 
LinkedIn: https://www.linkedin.com/in/tyler-ramsbey-86221643/
Hack Smarter: https://hacksmarter.org 
",45800,1922092,761,2021-07-07T17:25:21.838537Z,N/A,UU_82czjFMgsYMjodhG_4mIw,2025-11-20T13:37:53.306286
UCwcXQMYphMbpuw8ok9HQguw,Code with Josh,"üí•For obvious reasons, I'm Josh...

Welcome to Code with Josh!

Are you ready to transform your understanding of Programming?

üìöFollow along as I break down all that complex tech jargon into terms you can easily understand!

Trying to make a non-boring coding channel ‚úåÔ∏è

üîî Subscribe and hit the notification bell to stay updated with my Python content and hacks! 

Newsletter Subscribers get a FREE Handcrafted Python and Git PDF Guide!
",44600,1900481,371,2020-04-27T07:23:41.757595Z,US,UUwcXQMYphMbpuw8ok9HQguw,2025-11-20T13:37:53.306286
UCWdby8DQ9aDSPnnJGWKh4vA,Type-C Tech Reviews,"Hey guys!  My name is Los and I run this channel, Type-C Tech Reviews.  I have a passion for monitors, setups, and TECH and love reviewing it for all you guys!  I also have an addiction to Rick and Morty, Type-C Tech Reviews 100 Years, Type-C Tech Reviews foreverrrrr!",42700,16334365,230,2021-02-24T22:33:59.847131Z,US,UUWdby8DQ9aDSPnnJGWKh4vA,2025-11-20T13:37:53.306286
UC2TP2EQLvB-w1wrRpEH95dQ,CloudWolf AWS,"CloudWolf is your path to AWS certifications.

CloudWolf was founded by two of the biggest names in online data science education, serial tech educators Kirill Eremenko and Hadelin de Ponteves.

For more than 8 years, Kirill and Hadelin have been creating technology courses on a range of topics, including Data Science, Machine Learning, AI, Blockchain, and more, which have been enrolled in by over 2.3 million students globally.

Kirill and Hadelin prioritize intuitive explanations and hands-on l",39600,469622,352,2023-02-05T09:51:29.313593Z,AU,UU2TP2EQLvB-w1wrRpEH95dQ,2025-11-20T13:37:53.306286
UC3XGlNq8O5hZlZBJlSFB4jg,Radu Mariescu-Istodor,"I have a PhD in Computer Science and I want to teach you things. I publish:
1. Courses I teach at the university
2. JavaScript project tutorials
3. Entertaining videos about coding
4. Advice I give to my students
5. Some weird things. You'll see...
",39500,1825486,427,2011-10-07T15:06:37Z,FI,UU3XGlNq8O5hZlZBJlSFB4jg,2025-11-20T13:37:53.306286
UCRQhZGXC0WK85YRXl7nGX0w,"All Things JavaScript, LLC","We assist you on your journey from a JavaScript novice to expert. From quick JavaScript tidbits to lengthy discussions on the nuances of the JavaScript language, we include it all.

I spend an immense amount of time reading about and learning JavaScript. I use this information to create well thought out and effective tutorials. Find tutorials on everything from coersion to closures; from general JavaScript topics, to thorough examinations of important concepts. I design these tutorials to teach.",38700,2647376,253,2016-08-08T23:10:48Z,US,UURQhZGXC0WK85YRXl7nGX0w,2025-11-20T13:37:53.306286
UCDsEHTvh-YO80AZna7X7UVA,WB Web Development Solutions,"We provide ai based business management cloud application and pwa websites. We also develop API and ERP.
WB Web Development Solutions (WBWEB)
Full stack Web/Mobile App Development solutions. 
100% Money back guarantee within 60 days of purchase of Service.
We are best in the market with our latest e-commerce solution, we provide a complete automatic e-commerce with drag drop feature. Seamless payment solutions with Paytm and automatic shipping with Xpressbees, Ekat, Delhivery etc. Free data anal",37900,3491596,133,2017-08-23T23:00:32Z,IN,UUDsEHTvh-YO80AZna7X7UVA,2025-11-20T13:37:53.306286
UC5vr5PwcXiKX_-6NTteAlXw,Python Tutorials for Digital Humanities,"On this channel, I provide tutorials for working with Python in a digital humanities project. I design my videos and tutorials for humanists who have no coding experience. I am a medieval historian by trade, but I create my videos with all humanists in mind. If you want to interact with the videos in more dynamic ways, check out my website, www.PythonHumanities.com. On that site, I host live coding exercises and quizzes. It is still a work in progress and will be complete during the Summer of 20",36700,3099229,297,2017-12-04T21:07:55Z,US,UU5vr5PwcXiKX_-6NTteAlXw,2025-11-20T13:37:53.306286
UCHxA_q3cXYYx8d1svHkFRZw,The Tech Reviewer,"Hi! I'm Kristin, The Tech Reviewer, and I'm here to help you find the best cases and screen protectors for your iPhone and other devices, as well as other great tech accessories! On my channel, you'll find in depth, quality reviews that will allow you to see products in detail. Welcome to my channel, and thanks for watching!
",36100,19251170,911,2013-09-24T13:08:17Z,US,UUHxA_q3cXYYx8d1svHkFRZw,2025-11-20T13:37:53.306286
UCdEWsSKNqogLmEQR1k6FvLA,Android Knowledge,"Welcome to Android Knowledge!

Android Knowledge is a technical educational youtube channel. In this channel, you will learn about Android, Java, Kotlin, XML, UI Design, and Jetpack Compose. The channel offers a wide range of tutorials, and resources to help developers improve their skills and stay up-to-date with the latest android development trends.

Whether you are a beginner looking to learn the basics of android development or an experienced developer looking to improve your skills, Androi",33300,3725817,268,2022-09-12T15:37:11.772488Z,IN,UUdEWsSKNqogLmEQR1k6FvLA,2025-11-20T13:37:53.306286
UCjcIeQoynJxuVgERPWDrT_g,TA Tech Tips,"üî•Welcome to the ultimate hub for quick tech tips and must-know smartphone tricks from Nick B!

You know me from TikTok (3.4M+ subs!) and Instagram. Now I'm here to make using your gadgets easier and more fun with product overviews, hidden feature tutorials, and the best tech tips & hacks‚Äîespecially for Android and Samsung devices!

Subscribe and stop missing out on the tech features you never knew you needed!

Business: üìß Hello@TheGoldStudios.com 



",31000,7123645,937,2021-01-21T13:41:14.70702Z,GB,UUjcIeQoynJxuVgERPWDrT_g,2025-11-20T13:37:53.306286
UCdgGyYFpMNOcQ51ecEwWTvQ,Freaky Tech Reviews,I review products that are related to all things tech and gaming! Feel free to join the Freaky Tech Family and let me know what you would like to see reviews on!,30800,3821969,186,2023-03-15T23:35:00.920584Z,N/A,UUdgGyYFpMNOcQ51ecEwWTvQ,2025-11-20T13:37:53.306286
UCKPSmMfDsXTKrCZApukcJ7A,Talk Python,"Talk Python to Me is a weekly podcast hosted by Michael Kennedy. The show covers a wide array of Python topics as well as many related topics (e.g. MongoDB, AngularJS, DevOps).

The format is a casual 45 minute conversation with industry experts.

Have feedback for the show? Send it to talkpythontome@michaelckennedy.net. We'd love to hear from you.

The show is owned and operated by PDX Web Properties, LLC. (a small company run by Michael Kennedy).",28100,995604,558,2015-04-27T16:46:12Z,US,UUKPSmMfDsXTKrCZApukcJ7A,2025-11-20T13:37:53.306286
UC7pdnrWVj8eDfCI0bRe_0kQ,Linux Training Academy,"Here are some of our most popular and helpful ""goodies.""

A¬†Linux command line cheat sheet¬†so you can quickly find the Linux command you need.
https://www.linuxtrainingacademy.com/linux-commands-cheat-sheet/

Tons of Linux system administrator projects to give you real-world Linux experience.
https://www.linuxtrainingacademy.com/linux-projects/

Over¬†1,500 coding project ideas to level-up your programming skills.
https://www.linuxtrainingacademy.com/projects/

A vim cheat sheet so you can get th",27300,1366011,40,2014-02-02T03:08:24Z,US,UU7pdnrWVj8eDfCI0bRe_0kQ,2025-11-20T13:37:53.306286
UC7kjWIK1H8tfmFlzZO-wHMw,The TWIML AI Podcast with Sam Charrington,"Machine learning and artificial intelligence are dramatically changing the way businesses operate and people live. By sharing and amplifying the voices of a broad and diverse spectrum of machine learning and AI researchers, practitioners, and innovators, we hope to help make ML and AI more accessible and enhance the lives of our audience and their communities.

Through the podcast, we bring the top minds and ideas from the world of ML and AI to a broad and influential community of ML/AI research",27200,1111506,1286,2017-02-21T22:35:38Z,US,UU7kjWIK1H8tfmFlzZO-wHMw,2025-11-20T13:37:53.306286
UCCd3-JX7e8uGZx00i5646jg,Daily Tech News Show,"Welcome to the official YouTube channel of the Daily Tech News Show (DTNS) podcast. Our daily podcasts provides in-depth coverage and analysis of all the important headline events in the tech industry. So you can understand and be informed about events and technologies impacting your life. We cover everything including ChatGPT, generative A.I., drones, workplace automation, online services, social media, tech legislation, personal tech like smartphones and PCs, video gaming, streaming services, ",27000,4639749,5108,2014-01-24T03:23:56Z,US,UUCd3-JX7e8uGZx00i5646jg,2025-11-20T13:37:53.306286
UCjIbWZ__2Z_cd8PO6C81gyA,Lukas | Web Development & Design,"Hi! I'm Luke, a self-taught Web Developer from Austria. On this channel, I share videos about HTML, CSS, Tailwind CSS, JavaScript, ReactJS, Git, GitHub and many more.

Content that's designed to help you become successful as a Frontend Developer, Web Developer or Full Stack Developer. SUBSCRIBE to the channel and become a part of this journey. üî•üöÄ


Milestones: 
50 Subscribers: 27.05.2023 
2.500 Views: 31.05.2023 
100 Subscribers: 01.06.2023 
5.000 Views: 05.06.2023 
10.000 Views: 10.06.2023 
500",23700,1335643,13,2021-01-26T12:50:46.510518Z,AT,UUjIbWZ__2Z_cd8PO6C81gyA,2025-11-20T13:37:53.306286
UCHHIyLEhmDENeTgGAjFt3lw,PC Building Simulator,The official YouTube channel for PC Building Simulator! Get PC Building Simulator 2 now or try the demo for free on PC via the Epic Games Store!,23400,6560334,154,2013-12-24T23:17:31Z,GB,UUHHIyLEhmDENeTgGAjFt3lw,2025-11-20T13:37:53.306286
UCuix1GOcmoqqWcHh1W1dWAg,Programming Tutorials,"In this channel, I discuss tutorials related to programming, data structure and java.

You can contact me through this form - https://webrewrite.com/contact-us/",22800,3391942,296,2011-10-06T11:43:30Z,IN,UUuix1GOcmoqqWcHh1W1dWAg,2025-11-20T13:37:53.306286
UCM2fAU1oR3k4VCEMAkq4fcA,Web Design Mastery,"Welcome to Web Design Mastery! üé®üíª

Learn to create modern, responsive, professional websites using HTML, CSS, and JavaScript. Whether you're a beginner or looking to refine your web design skills, our step-by-step tutorials make it easy to build stunning websites that stand out.

Subscribe for:
‚úÖ Responsive Web Design Tips
‚úÖ E-Commerce Website Tutorials
‚úÖ Landing Page Creations
‚úÖ Front-End Development Guides

Join our community of aspiring web designers and developers. Let's master the art of we",22700,2271608,201,2021-11-06T12:27:33.470466Z,IN,UUM2fAU1oR3k4VCEMAkq4fcA,2025-11-20T13:37:53.306286
UColtS35pWaswSV634-n-H3A,Everyday Data Science,"""Everyday Data Science"" is a YouTube channel that offers insightful and informative videos on Data Science, Machine Learning, Python, SQL, and related topics. The channel caters to beginners as well as advanced learners, providing easy-to-understand explanations of complex concepts with practical examples. Viewers can expect to learn about various data analysis techniques, data visualization, statistical models, and programming languages. The channel is perfect for anyone interested in building ",22400,1913239,623,2021-02-10T06:19:44.698544Z,IN,UUoltS35pWaswSV634-n-H3A,2025-11-20T13:37:53.306286
UCpW3qZ8gwQimOChV8lKXx6g,BadIntent Stream Tech Reviews,"I win tournaments and I review tech. I've competed as a top level Pok√©mon, Pokk√©n, and Samurai Shodown player winning several major tournaments. No brand deals please.",21300,9048963,241,2018-05-10T07:42:05Z,US,UUpW3qZ8gwQimOChV8lKXx6g,2025-11-20T13:37:53.306286
UCnxvzhbwByrxS60PNmkphdA,Tech News Today,"Tech News Today explores the most important stories of the day in conversation with the world's leading journalists live each weekday.

Although the show is no longer in production, you can enjoy previous episodes from the TWiT Archives and get more tech news with Tech News Weekly at https://twit.tv/shows/tech-news-weekly",19500,1261696,1218,2008-10-02T11:57:59Z,US,UUnxvzhbwByrxS60PNmkphdA,2025-11-20T13:37:53.306286
UCpjD4_qigmlmPeK9TjAR27Q,PC BUILD - USA,"PC Build USA delivers ultimate high-performance PC builds, expert unboxings, and honest hardware reviews. From gaming beasts to AI-powered workstations, we showcase the latest CPUs, GPUs, and custom cooling innovations. Whether you‚Äôre a hardcore gamer, content creator, or tech enthusiast, our guides, benchmarks, and upgrade tips help you unlock your PC‚Äôs true power.
",19500,11435167,329,2025-02-06T07:15:39.648578Z,US,UUpjD4_qigmlmPeK9TjAR27Q,2025-11-20T13:37:53.306286
UCWWO3yt3b5R_LrWHReU0b-g,BeSA Cloud Academy,"Helping You Build AWS Skills & Land a Cloud Job! ‚òÅÔ∏è

Welcome to BeSA (Become a Solutions Architect)! If you're unsure where to start in cloud tech or feel stuck, you're in the right place.

Breaking into cloud tech can be overwhelming. We're here to guide you and help you build the technical and personal skills needed to land that cloud job.

What We Offer:
‚û°Ô∏è Guided Sessions with Cloud Pros: Learn directly from AWS professionals who‚Äôve been where you are.

‚û°Ô∏è Hands-On AWS Training: Gain practic",18500,287327,227,2022-04-23T18:07:01.035787Z,GB,UUWWO3yt3b5R_LrWHReU0b-g,2025-11-20T13:37:53.306286
UCrmnnE3yzpAyAuX_hRqyLdg,Software Engineering Institute | Carnegie Mellon University,"The Leader in Software Engineering, Cybersecurity, and AI Engineering

At the SEI, we research complex software engineering, cybersecurity, and AI engineering problems; create and test innovative technologies; and transition maturing solutions into practice. We have been working with the Department of Defense, government agencies, and private industry since 1984 to help meet mission goals and gain strategic advantage.

",18200,1418500,1572,2014-02-28T19:03:27Z,US,UUrmnnE3yzpAyAuX_hRqyLdg,2025-11-20T13:37:53.306286
UCuHZ1UYfHRqk3-5N5oc97Kw,Towards Data Science,"We provide a platform for thousands of people to exchange ideas and to expand our understanding of data science. Our audience is mixed, consisting of beginners and expert professionals who want to share their inventions and discoveries.",17900,349758,152,2018-11-16T14:20:49Z,CA,UUuHZ1UYfHRqk3-5N5oc97Kw,2025-11-20T13:37:53.306286
UCTVGjydBHM2g5_K18MZqE4Q,Programming in Python,"Official channel for the introductory course ""Programming in Python"" offered as a part of the BS degree at IIT Madras.",17700,446998,530,2022-09-11T07:34:04.314995Z,N/A,UUTVGjydBHM2g5_K18MZqE4Q,2025-11-20T13:37:53.306286
UCqWQzlUDdllnLmtgfSgYTCA,Coding Tutorials,"Coding tutorials, covering C#, Angular and Web Development. Presented by Jasper Kent, an expert with over thirty years of experience in software development and training. 

New content (almost) every Friday.

#coding #training #csharp #angular",16400,775239,188,2020-01-11T14:23:57.330261Z,GB,UUqWQzlUDdllnLmtgfSgYTCA,2025-11-20T13:37:53.306286
UClbtTCONv0ZFoM399-r4CnA,Learning Python,Welcome to Learning Python. This is a channel to master programming in Python.,16300,1121325,152,2021-04-05T17:51:32.857045Z,DE,UUlbtTCONv0ZFoM399-r4CnA,2025-11-20T13:37:53.306286
UCfSgan80IQD_5U1t7UuwL3w,Tech News Weekly,"Industry expert Mikah Sargent, brings you interviews from tech journalists who make or break the top stories of the week. Get the freshest perspective and in depth insight into the fast-paced world of technology from Tech News Weekly.

New episodes every Thursday on YouTube or get episodes ad-free by joining Club TWiT at https://twit.tv/clubtwit",15200,429984,414,2014-02-26T20:51:43Z,US,UUfSgan80IQD_5U1t7UuwL3w,2025-11-20T13:37:53.306286
UCQVE2WU-h_dszY5If6oFvFg,Web Dev Mastery,"üöÄ Welcome to Web Dev Mastery 

Journey into the world of web development with Web Dev Mastery as we navigate the MERN stack, unravel the mysteries of data structures, and master algorithms. üñ•Ô∏è

üë©‚Äçüíª Explore simplified tutorials, unlock the secrets of efficient coding, and elevate your skills. Whether you're a coding enthusiast or just starting, let's learn, build, and grow together!

üåü Ready to embark on a coding adventure? Hit subscribe and let's code with passion at Web Dev Mastery üíª‚ú®

#webdevm",15100,1036647,256,2023-02-20T14:50:56.839366Z,IN,UUQVE2WU-h_dszY5If6oFvFg,2025-11-20T13:37:53.306286
UChVCEXzi39_YEpUQhqmEFrQ,ü•∑ RTP Tech Tips üì°,"üõ°Ô∏è #FOLLOW ü•∑ #Privacy: The ONLY Right Capable Of Protecting ALL Rights. W/out Privacy, NO RIGHTS Can Be Guaranteed. 
#Analysis / #Cyber / #OSINT / #SDR / #OPSEC / #Journalism
(inc Talks On #Computers / #Tor / #I2P)
--------------------------------------
*SHARE: HELP THIS GROW / CONTINUE*

üíé SUPPORTING ‚òï : https://bmc.link/politictech

üßÑ http://righttoprivacy.i2p (i2p #blog)

ü™ô BITCOIN: bc1q44j0fjm2d4rp49l3wk6n6teshvztftl2qxuk44
üï∂Ô∏èXMR:48qtspi5En44mJZLeiMoHYFEmuJfQYb5DLQxLDr7d1NXc53XaAvoT8PS3wBrhE",14200,1257653,395,2018-09-14T04:33:54Z,US,UUhVCEXzi39_YEpUQhqmEFrQ,2025-11-20T13:37:53.306286
UCA7HuPQ_JRBi7KN8muvxc2w,Cloud Simplified,"Demystifying Cloud Computing, making it accessible to everyone who wants to learn about Cloud. Our goal is to help you understand the basics of Cloud Computing, regardless of your IT background, so that you can start your career in this exciting field.

Through our videos, we'll provide you with easy-to-understand explanations of Cloud Computing concepts, best practices, and real-world scenarios. We'll also showcase how different industries are leveraging the power of the cloud to drive innovati",13300,592201,122,2008-05-19T15:25:57Z,N/A,UUA7HuPQ_JRBi7KN8muvxc2w,2025-11-20T13:37:53.306286
UC5jiGyfEcnFJNjtyS40c3Zg,AWS Partner Network,"The AWS Partner Network (APN) is the global community of Partners who leverage Amazon Web Services to build solutions and services for customers. AWS helps Partners build, market, and sell their AWS offerings by providing valuable business, technical, and marketing support.",12100,279783,545,2018-08-13T20:46:07Z,US,UU5jiGyfEcnFJNjtyS40c3Zg,2025-11-20T13:37:53.306286
UCBKM3HATRILZyG9jGNJKGXQ,Software Engineering Daily,"The world through the lens of software. 

üéôÔ∏è Check out more of our podcasts
 http://softwareengineeringdaily.com",11400,302138,1138,2017-05-19T21:45:38Z,US,UUBKM3HATRILZyG9jGNJKGXQ,2025-11-20T13:37:53.306286
UCvckuc-3Sos1aUtSqCV_0xw,Georgia Web Development,"Georgia Web Development is a Moultrie, Georgia based full-service digital marketing agency since 2009. We specialize in eCommerce website design & development, small business websites, content marketing, search engine optimization (SEO), social media marketing, search engine marketing (SEM) and full-service video production.

We are WooCommerce, Magento & WordPress experts. We offer FREE website project quotes & project consultations. Unlike many website development agencies we don‚Äôt outsource a",11200,6878757,212,2014-03-17T20:28:26Z,US,UUvckuc-3Sos1aUtSqCV_0xw,2025-11-20T13:37:53.306286
UC4lM4hz_v5ixNjK54UwPEVw,Machine Learning and AI Academy,"Welcome to Machine Learning and AI Academy, your new home for deep-diving into the world of machine learning! Unlike other channels, we don't just scratch the surface. Here, we believe that proper understanding comes from grappling with the details, which is why we're committed to walking you through the intricate mathematical foundations that power today's AI.

We'll examine a different machine learning algorithm, unpacking its mathematical underpinnings and assumptions and explaining how these",11000,130381,60,2019-12-26T13:37:41.612225Z,GB,UU4lM4hz_v5ixNjK54UwPEVw,2025-11-20T13:37:53.306286
UCTnOFmMwZIi7jJYS_nAfeyQ,The Helpful Hacker,"Welcome to The Helpful Hacker! I‚Äôm a passionate cybersecurity professional dedicated to sharing my knowledge and helping others navigate the exciting world of cybersecurity.

Here, you'll find detailed walkthroughs of TryHackMe rooms, which I consider an invaluable resource for hands-on learning. I believe that the best way to solidify your understanding of a subject is to teach it, and that‚Äôs exactly what I aim to do. My goal is to create comprehensive guides for all TryHackMe rooms, making the",10900,587499,64,2024-06-17T17:08:58.598812Z,US,UUTnOFmMwZIi7jJYS_nAfeyQ,2025-11-20T13:37:53.306286
UCHd1qamEkVSlTWkEqIqJbEQ,Visual Computer Science,Welcome to Visual Computer Science! This channel is about explaining Computer Science / Software Engineering concepts in a visual and easy-to-remember way!,10800,839331,35,2020-06-07T09:55:36.218375Z,US,UUHd1qamEkVSlTWkEqIqJbEQ,2025-11-20T13:37:53.306286
